{"aRcUo2Lq6OE6Gq5cjnTooQ==":"bishop-320x192.jpg","cLbf5gefPF4VdpRcEyvNZA==":"slider-1-1600x700.jpg","CInX9dJFfmfawRrgfWxSUA==":"santhome-basilica-side-view10-1600x1070.jpg","dyjjaVB0KTKjgkUumtYgBQ==":"a5e989d2e10ee01e3e9291a968610d0d-1366x500.jpg","LrtBVVKmcQMrXKIbd2nnPQ==":"img-20180608-121x128.png","gFkYo0qr5kPLqmAqGGLUXg==":"img-20180609-121x128.png","+jk0is92OiodtkFXa9Wb6Q==":"george-1170-300x450.jpg","yk103rS832ybUMDg4B6ddg==":"george-1171-300x450.jpg","zdsBKdFnjGAcHC+EwpxeXw==":"155-fr-stanley-sebastian-289x355.jpg","69LU7NL0DXpR2Gx17+CqjA==":"119-fr-maria-amala-raj-j-218x268.jpg","ukrWQJeX4/R3li/5oGTGhQ==":"36-fr-balasamy-m-289x355.jpg","ydXPYh3oXNL32nwbvLAvEg==":"166-fr-vargese-rozario-kj-251x311.jpg","fTPj4bDZIR3ztu+cKRHI4w==":"156-fr-stephen-b-173x212.jpg","1NsGO5+nXjhTrJ4AFVRAbA==":"92-fr-jose-v-thomas-288x355.jpg","4h/DjDQklAMXBfb3c1UQMw==":"130-fr-pascal-petrus-400x491.jpg","vZAAemXWWCpe2N++R7rDXw==":"108-fr-kanickairaj-ps-228x281.jpg","APOTPmkvSIL2GHMQdQvOJw==":"09-fr-andrew-dominic-2-288x351.jpg"}